{"Billing_Country": {"class_counts": [["United States", 103], ["Germany", 33], ["Japan", 26], ["France", 16], ["Australia", 15], ["India", 10], ["Singapore", 9], ["Netherlands", 7], ["Luxembourg", 7], ["Italy", 4], ["Spain", 4], ["Sri Lanka", 3], ["United Kingdom", 3], ["Portugal", 2], ["Austria", 2], ["Canada", 2], ["Norway", 2], ["Taiwan", 2], ["New Zealand", 1], ["Thailand", 1], ["Jordan", 1], ["Sweden", 1], ["Belgium", 1]], "avg_precision": 0.909077380952381, "avg_recall": 0.892361111111111, "avg_f1": 0.8983776844070962, "avg_accuracy": 0.984313725490196, "weighted_precision": 0.9813305322128851, "weighted_recall": 0.984313725490196, "weighted_f1": 0.9819267314769045, "weighted_accuracy": 0.984313725490196, "class_precision": [1.0, 0.9428571428571428, 1.0, 1.0, 1.0, 1.0, 1.0, 0.875, 1.0, 1.0, 1.0, 1.0, 1.0, 1.0, 1.0, 1.0, 0.0, 1.0, 1.0, 1.0, 1.0, 1.0, 1.0], "class_recall": [1.0, 1.0, 1.0, 1.0, 1.0, 1.0, 1.0, 1.0, 1.0, 1.0, 0.75, 1.0, 0.6666666666666666, 1.0, 1.0, 1.0, 0.0, 1.0, 1.0, 1.0, 1.0, 1.0, 1.0], "class_f1": [1.0, 0.9705882352941176, 1.0, 1.0, 1.0, 1.0, 1.0, 0.9333333333333333, 1.0, 1.0, 0.8571428571428571, 1.0, 0.8, 1.0, 1.0, 1.0, 0.0, 1.0, 1.0, 1.0, 1.0, 1.0, 1.0], "class_accuracy": 0.984313725490196, "num_classes": 23, "num_applicable_rows": 255, "confusion_matrix": [["United States", [["United States", 103]]], ["Germany", [["Germany", 33]]], ["Japan", [["Japan", 26]]], ["France", [["France", 16]]], ["Australia", [["Australia", 15]]], ["India", [["India", 10]]], ["Singapore", [["Singapore", 9]]], ["Netherlands", [["Netherlands", 7]]], ["Luxembourg", [["Luxembourg", 7]]], ["Italy", [["Italy", 4]]], ["Spain", [["Spain", 3], ["Poland", 1]]], ["Sri Lanka", [["Sri Lanka", 3]]], ["United Kingdom", [["United Kingdom", 2], ["Netherlands", 1]]], ["Portugal", [["Portugal", 2]]], ["Austria", [["Austria", 2]]], ["Canada", [["Canada", 2]]], ["Norway", [["Germany", 2]]], ["Taiwan", [["Taiwan", 2]]], ["New Zealand", [["New Zealand", 1]]], ["Thailand", [["Thailand", 1]]], ["Jordan", [["Jordan", 1]]], ["Sweden", [["Sweden", 1]]], ["Belgium", [["Belgium", 1]]]], "precision_recall_curves": {"United States": {"precision": [1.0, 1.0, 1.0, 1.0, 1.0, 1.0, 1.0, 1.0, 1.0, 1.0, 1.0, 1.0, 1.0, 1.0, 1.0, 1.0, 1.0, 1.0, 1.0, 1.0, 1.0, 1.0, 1.0, 1.0, 1.0, 1.0, 1.0, 1.0, 1.0], "recall": [1.0, 0.9902912621359223, 0.9805825242718447, 0.970873786407767, 0.9611650485436893, 0.9514563106796117, 0.941747572815534, 0.9320388349514563, 0.9223300970873787, 0.912621359223301, 0.9029126213592233, 0.8932038834951457, 0.883495145631068, 0.8737864077669902, 0.8640776699029126, 0.8543689320388349, 0.8446601941747572, 0.8349514563106796, 0.8252427184466019, 0.8155339805825242, 0.8058252427184466, 0.7864077669902912, 0.7766990291262136, 0.7572815533980582, 0.7378640776699029, 0.6990291262135923, 0.6116504854368932, 0.5728155339805825, 0.0], "thresholds": [0.9995614886283875, 0.9996635913848877, 0.999750554561615, 0.9999431371688843, 0.9999510049819946, 0.9999674558639526, 0.9999828338623047, 0.9999861717224121, 0.9999866485595703, 0.9999889135360718, 0.9999895095825195, 0.9999908208847046, 0.9999934434890747, 0.9999943971633911, 0.9999974966049194, 0.9999983310699463, 0.9999984502792358, 0.9999985694885254, 0.9999986886978149, 0.999998927116394, 0.9999990463256836, 0.9999991655349731, 0.9999994039535522, 0.9999995231628418, 0.9999996423721313, 0.9999997615814209, 0.9999998807907104, 1.0]}, "Germany": {"precision": [1.0, 1.0, 1.0, 1.0, 1.0, 1.0, 1.0, 1.0, 1.0, 1.0, 1.0, 1.0, 1.0, 1.0, 1.0, 1.0, 1.0, 1.0, 1.0, 1.0, 1.0, 1.0, 1.0, 1.0, 1.0, 1.0, 1.0, 1.0, 1.0, 1.0, 1.0, 1.0, 1.0], "recall": [1.0, 0.9696969696969697, 0.9393939393939394, 0.9090909090909091, 0.8787878787878788, 0.8484848484848485, 0.8181818181818182, 0.7878787878787878, 0.7575757575757576, 0.7272727272727273, 0.696969696969697, 0.6666666666666666, 0.6363636363636364, 0.6060606060606061, 0.5757575757575758, 0.5454545454545454, 0.5151515151515151, 0.48484848484848486, 0.45454545454545453, 0.42424242424242425, 0.3939393939393939, 0.36363636363636365, 0.3333333333333333, 0.30303030303030304, 0.2727272727272727, 0.24242424242424243, 0.21212121212121213, 0.18181818181818182, 0.15151515151515152, 0.12121212121212122, 0.06060606060606061, 0.030303030303030304, 0.0], "thresholds": [0.9294936656951904, 0.9967765212059021, 0.9995443224906921, 0.9996621608734131, 0.9997997879981995, 0.9998420476913452, 0.9998563528060913, 0.9998762607574463, 0.9998764991760254, 0.9999226331710815, 0.9999445676803589, 0.9999499320983887, 0.9999628067016602, 0.9999650716781616, 0.9999696016311646, 0.9999728202819824, 0.9999797344207764, 0.9999828338623047, 0.9999853372573853, 0.9999855756759644, 0.999987006187439, 0.9999886751174927, 0.9999905824661255, 0.9999942779541016, 0.9999948740005493, 0.9999951124191284, 0.9999953508377075, 0.9999954700469971, 0.9999957084655762, 0.9999961853027344, 0.9999966621398926, 0.999998927116394]}, "Japan": {"precision": [1.0, 1.0, 1.0, 1.0, 1.0, 1.0], "recall": [1.0, 0.9615384615384616, 0.9230769230769231, 0.8846153846153846, 0.8461538461538461, 0.0], "thresholds": [0.9999284744262695, 0.9999755620956421, 0.9999980926513672, 0.9999997615814209, 1.0]}, "Australia": {"precision": [1.0, 1.0, 1.0, 1.0, 1.0, 1.0, 1.0, 1.0, 1.0, 1.0, 1.0, 1.0], "recall": [1.0, 0.9333333333333333, 0.8666666666666667, 0.8, 0.7333333333333333, 0.6666666666666666, 0.6, 0.5333333333333333, 0.4666666666666667, 0.4, 0.3333333333333333, 0.0], "thresholds": [0.9999001026153564, 0.9999336004257202, 0.9999704360961914, 0.99998939037323, 0.9999958276748657, 0.9999960660934448, 0.9999979734420776, 0.9999985694885254, 0.9999994039535522, 0.9999997615814209, 1.0]}, "France": {"precision": [1.0, 1.0, 1.0, 1.0, 1.0, 1.0, 1.0, 1.0, 1.0, 1.0, 1.0, 1.0, 1.0, 1.0, 1.0, 1.0, 1.0], "recall": [1.0, 0.9375, 0.875, 0.8125, 0.75, 0.6875, 0.625, 0.5625, 0.5, 0.4375, 0.375, 0.3125, 0.25, 0.1875, 0.125, 0.0625, 0.0], "thresholds": [0.9992961883544922, 0.9999226331710815, 0.9999279975891113, 0.999962568283081, 0.9999657869338989, 0.9999687671661377, 0.9999688863754272, 0.9999752044677734, 0.999977707862854, 0.9999903440475464, 0.9999970197677612, 0.9999978542327881, 0.9999980926513672, 0.9999991655349731, 0.9999997615814209, 0.9999998807907104]}, "Singapore": {"precision": [1.0, 1.0, 1.0, 1.0, 1.0, 1.0, 1.0, 1.0, 1.0, 1.0], "recall": [1.0, 0.8888888888888888, 0.7777777777777778, 0.6666666666666666, 0.5555555555555556, 0.4444444444444444, 0.3333333333333333, 0.2222222222222222, 0.1111111111111111, 0.0], "thresholds": [0.8926169872283936, 0.9343832731246948, 0.9984692931175232, 0.9999080896377563, 0.9999643564224243, 0.9999910593032837, 0.9999949932098389, 0.9999959468841553, 0.9999983310699463]}, "Netherlands": {"precision": [1.0, 1.0, 1.0, 1.0, 1.0, 1.0, 1.0, 1.0], "recall": [1.0, 0.8571428571428571, 0.7142857142857143, 0.5714285714285714, 0.42857142857142855, 0.2857142857142857, 0.14285714285714285, 0.0], "thresholds": [0.9955132603645325, 0.9993963241577148, 0.9994713664054871, 0.999906063079834, 0.9999114274978638, 0.9999185800552368, 0.9999440908432007]}, "India": {"precision": [1.0, 1.0, 1.0, 1.0, 1.0, 1.0, 1.0, 1.0, 1.0, 1.0, 1.0], "recall": [1.0, 0.9, 0.8, 0.7, 0.6, 0.5, 0.4, 0.3, 0.2, 0.1, 0.0], "thresholds": [0.9956870675086975, 0.9996932744979858, 0.9998290538787842, 0.999842643737793, 0.9999085664749146, 0.9999172687530518, 0.9999452829360962, 0.9999527931213379, 0.9999873638153076, 0.9999901056289673]}, "Italy": {"precision": [1.0, 1.0, 1.0, 1.0, 1.0], "recall": [1.0, 0.75, 0.5, 0.25, 0.0], "thresholds": [0.9995112419128418, 0.999977707862854, 0.9999984502792358, 0.9999991655349731]}, "Spain": {"precision": [1.0, 1.0, 1.0, 1.0, 1.0], "recall": [1.0, 0.75, 0.5, 0.25, 0.0], "thresholds": [0.10094436258077621, 0.9802021384239197, 0.9995051622390747, 0.9999649524688721]}, "Luxembourg": {"precision": [1.0, 1.0, 1.0, 1.0, 1.0, 1.0, 1.0, 1.0],