Region,Duracion
Middle East,72.92307692307692
Americas,254.80555555555554
APAC,265.12587412587413
EMEA,319.4155844155844
Japan,511.0
