{"Sales_Contract_No": {"class_counts": [["108", 5], ["3474", 3], ["1217", 3], ["479", 3], ["3876", 3], ["1515", 2], ["5495", 2], ["1673", 2], ["1309", 2], ["711", 2], ["3980", 2], ["2232", 2], ["1660", 2], ["5143", 2], ["3878", 2], ["2958", 1], ["2713", 1], ["1661", 1], ["3192", 1], ["3986", 1], ["3340", 1], ["5583", 1], ["4388", 1], ["2280", 1], ["3174", 1], ["946", 1], ["2826", 1], ["714", 1], ["3900", 1], ["990", 1], ["243", 1], ["3879", 1], ["3802", 1], ["3329", 1], ["2279", 1], ["1518", 1], ["2770", 1], ["3877", 1], ["2710", 1], ["3416", 1], ["1534", 1], ["1405", 1], ["3123", 1], ["32", 1], ["3194", 1], ["43", 1], ["3956", 1], ["425", 1], ["992", 1], ["2575", 1], ["4805", 1]], "avg_precision": 0.9519230769230769, "avg_recall": 0.9519230769230769, "avg_f1": 0.9487179487179487, "avg_accuracy": 0.9726027397260274, "weighted_precision": 0.9794520547945206, "weighted_recall": 0.9726027397260274, "weighted_f1": 0.9726027397260274, "weighted_accuracy": 0.9726027397260274, "class_precision": [1.0, 1.0, 1.0, 1.0, 1.0, 1.0, 1.0, 1.0, 1.0, 1.0, 1.0, 1.0, 1.0, 1.0, 1.0, 1.0, 1.0, 1.0, 1.0, 1.0, 1.0, 1.0, 1.0, 1.0, 1.0, 1.0, 1.0, 1.0, 1.0, 1.0, 1.0, 1.0, 1.0, 1.0, 1.0, 1.0, 1.0, 1.0, 0.0, 1.0, 1.0, 1.0, 1.0, 1.0, 1.0, 1.0, 1.0, 0.5, 1.0, 1.0, 1.0], "class_recall": [1.0, 1.0, 1.0, 1.0, 1.0, 1.0, 1.0, 1.0, 1.0, 0.5, 1.0, 1.0, 1.0, 1.0, 1.0, 1.0, 1.0, 1.0, 1.0, 1.0, 1.0, 1.0, 1.0, 1.0, 1.0, 1.0, 1.0, 1.0, 1.0, 1.0, 1.0, 1.0, 1.0, 1.0, 1.0, 1.0, 1.0, 1.0, 0.0, 1.0, 1.0, 1.0, 1.0, 1.0, 1.0, 1.0, 1.0, 1.0, 1.0, 1.0, 1.0], "class_f1": [1.0, 1.0, 1.0, 1.0, 1.0, 1.0, 1.0, 1.0, 1.0, 0.6666666666666666, 1.0, 1.0, 1.0, 1.0, 1.0, 1.0, 1.0, 1.0, 1.0, 1.0, 1.0, 1.0, 1.0, 1.0, 1.0, 1.0, 1.0, 1.0, 1.0, 1.0, 1.0, 1.0, 1.0, 1.0, 1.0, 1.0, 1.0, 1.0, 0.0, 1.0, 1.0, 1.0, 1.0, 1.0, 1.0, 1.0, 1.0, 0.6666666666666666, 1.0, 1.0, 1.0], "class_accuracy": 0.9726027397260274, "num_classes": 51, "num_applicable_rows": 73, "confusion_matrix": [["108", [["108", 5]]], ["3474", [["3474", 3]]], ["1217", [["1217", 3]]], ["479", [["479", 3]]], ["3876", [["3876", 3]]], ["1515", [["1515", 2]]], ["5495", [["5495", 2]]], ["1673", [["1673", 2]]], ["1309", [["1309", 2]]], ["711", [["711", 1], ["425", 1]]], ["3980", [["3980", 2]]], ["2232", [["2232", 2]]], ["1660", [["1660", 2]]], ["5143", [["5143", 2]]], ["3878", [["3878", 2]]], ["2958", [["2958", 1]]], ["2713", [["2713", 1]]], ["1661", [["1661", 1]]], ["3192", [["3192", 1]]], ["3986", [["3986", 1]]], ["3340", [["3340", 1]]], ["5583", [["5583", 1]]], ["4388", [["4388", 1]]], ["2280", [["2280", 1]]], ["3174", [["3174", 1]]], ["946", [["946", 1]]], ["2826", [["2826", 1]]], ["714", [["714", 1]]], ["3900", [["3900", 1]]], ["990", [["990", 1]]], ["243", [["243", 1]]], ["3879", [["3879", 1]]], ["3802", [["3802", 1]]], ["3329", [["3329", 1]]], ["2279", [["2279", 1]]], ["1518", [["1518", 1]]], ["2770", [["2770", 1]]], ["3877", [["3877", 1]]], ["2710", [["2711", 1]]], ["3416", [["3416", 1]]], ["1534", [["1534", 1]]], ["1405", [["1405", 1]]], ["3123", [["3123", 1]]], ["32", [["32", 1]]], ["3194", [["3194", 1]]], ["43", [["43", 1]]], ["3956", [["3956", 1]]], ["425", [["425", 1]]], ["992", [["992", 1]]], ["2575", [["2575", 1]]], ["4805", [["4805", 1]]]], "precision_recall_curves": {"479": {"precision": [1.0, 1.0], "recall": [1.0, 0.0], "thresholds": [1.0]}, "108": {"precision": [1.0, 1.0], "recall": [1.0, 0.0], "thresholds": [1.0]}, "2575": {"precision": [1.0, 1.0], "recall": [1.0, 0.0], "thresholds": [1.0]}, "3123": {"precision": [1.0, 1.0], "recall": [1.0, 0.0], "thresholds": [0.9999996423721313]}, "5583": {"precision": [1.0, 1.0], "recall": [1.0, 0.0], "thresholds": [1.0]}, "3877": {"precision": [1.0, 1.0], "recall": [1.0, 0.0], "thresholds": [0.9998835325241089]}, "3878": {"precision": [1.0, 1.0, 1.0], "recall": [1.0, 0.5, 0.0], "thresholds": [0.9996974468231201, 0.9997228980064392]}, "3980": {"precision": [1.0, 1.0], "recall": [1.0, 0.0], "thresholds": [0.9999998807907104]}, "3876": {"precision": [1.0, 1.0, 1.0, 1.0], "recall": [1.0, 0.6666666666666666, 0.3333333333333333, 0.0], "thresholds": [0.9998480081558228, 0.9998482465744019, 0.999848484992981]}, "2958": {"precision": [1.0, 1.0], "recall": [1.0, 0.0], "thresholds": [1.0]}, "1673": {"precision": [1.0, 1.0, 1.0], "recall": [1.0, 0.5, 0.0], "thresholds": [0.9999991655349731, 1.0]}, "3900": {"precision": [1.0, 1.0], "recall": [1.0, 0.0], "thresholds": [0.9999998807907104]}, "3474": {"precision": [1.0, 1.0], "recall": [1.0, 0.0], "thresholds": [0.9999998807907104]}, "3802": {"precision": [1.0, 1.0], "recall": [1.0, 0.0], "thresholds": [1.0]}, "2280": {"precision": [1.0, 1.0], "recall": [1.0, 0.0], "thresholds": [1.0]}, "43": {"precision": [1.0, 1.0], "recall": [1.0, 0.0], "thresholds": [0.9999974966049194]}, "32": {"precision": [1.0, 1.0], "recall": [1.0, 0.0], "thresholds": [0.9999958276748657]}, "990": {"precision": [1.0, 1.0], "recall": [1.0, 0.0], "thresholds": [0.9608680009841919]}, "3956": {"precision": [1.0, 1.0], "recall": [1.0, 0.0], "thresholds": [0.9999984502792358]}, "946": {"precision": [1.0, 1.0], "recall": [1.0, 0.0], "thresholds": [0.9999940395355225]}, "425": {"precision": [1.0, 1.0], "recall": [1.0, 0.0], "thresholds": [0.9999998807907104]}, "714": {"precision": [1.0, 1.0], "recall": [1.0, 0.0], "thresholds": [0.9999991655349731]}, "3174": {"precision": [1.0, 1.0], "recall": [1.0, 0.0], "thresholds": [0.9999891519546509]}, "243": {"precision": [1.0, 1.0], "recall": [1.0, 0.0], "thresholds": [0.9999998807907104]}, "1660": {"precision": [1.0, 1.0, 1.0], "recall": [1.0, 0.5, 0.0], "thresholds": [0.9999945163726807, 0.999997615814209]}, "4805": {"precision": [1.0, 1.0], "recall": [1.0, 0.0], "thresholds": [0.9998639822006226]}, "3194": {"precision": [1.0, 1.0], "recall": [1.0, 0.0], "thresholds": [1.0]}, "5495": {"precision": [1.0, 1.0], "recall": [1.0, 0.0], "thresholds": [1.0]}, "2826": {"precision": [1.0, 1.0], "recall": [1.0, 0.0], "thresholds": [0.9500000476837158]}, "1515": {"precision": [1.0, 1.0], "recall": [1.0, 0.0], "thresholds": [1.0]}, "3192": {"precision": [1.0, 1.0], "recall": [1.0, 0.0], "thresholds": [0.9999942779541016]}, "1534": {"precision": [1.0, 1.0], "recall": [1.0, 0.0], "thresholds": [1.0]}, "2770": {"precision": [1.0, 1.0], "recall": [1.0, 0.0], "thresholds": [0.9948493838310242]}, "1661": {"precision": [1.0, 1.0], "recall": [1.0, 0.0], "thresholds": [0.9999998807907104]}, "2279": {"precision": [1.0, 1.0], "recall": [1.0, 0.0], "thresholds": [0.9999996423721313]}, "5143": {"precision": [1.0, 1.0, 1.0], "recall": [1.0, 0.5, 0.0], "thresholds": [0.9999997615814209, 1.0]}, "3329": {"precision": [1.0, 1.0], "recall": [1.0, 0.0], "thresholds": [1.0]}, "2710": {"precision": [1.0, 1.0], "recall": [1.0, 0.0], "thresholds": [0.29840612411499023]}, "3416": {"precision": [1.0, 1.0], "recall": [1.0, 0.0], "thresholds": [0.9999994039535522]}, "3340": {"precision": [1.0, 1.0], "recall": [1.0, 0.0], "thresholds": [0.9999641180038452]}, "1309": {"precision": [1.0, 1.0], "recall": [1.0, 0.0], "thresholds": [1.0]}, "992": {"precision": [1.0, 1.0], "recall": [1.0, 0.0], "thresholds": [1.0]}, "1518": {"precision": [1.0, 1.0], "recall": [1.0, 0.0], "thresholds": [0.9999998807907104]}, "1405": {"precision": [1.0, 1.0], "recall": [1.0, 0.0], "thresholds": [1.0]}, "3986": {"precision": [1.0, 1.0], "recall": [1.0, 0.0], "thresholds": [0.9999996423721313]}, "1217": {"precision": [1.0, 1.0, 1.0], "recall": [1.0, 0.6666666666666666, 0.0], "thresholds": [0.9999997615814209, 0.9999998807907104]}, "4388": {"precision": [1.0, 1.0], "recall": [1.0, 0.0], "thresholds": [1.0]}, "711": {"precision": [0.3333333333333333, 0.2, 0.25, 0.3333333333333333, 0.5, 1.0, 1.0], "recall": [1.0, 0.5, 0.5, 0.5, 0.5, 0.5, 0.0], "thresholds": [5.673755687496396e-09, 9.182627280779343e-08, 1.232966724273865e-07, 1.3550041444432281e-07, 2.0646709231186833e-07, 0.9999878406524658]}, "3879": {"precision": [1.0, 1.0], "recall": [1.0, 0.0], "thresholds": [1.0]}, "2713": {"precision": [1.0, 1.0], "recall": [1.0, 0.0],